"line","timestamp","sensor","ppm","secondary_unit","secondary_value"
"117","","CO_HD","0.00","mg/m3","0.00"
"118","","NO2_HD","0.60","ug/m3","1.13"
"119","","O3_HD","0.2000","ug/m3","392.64"
"120","","SO2_HD","0.00","ug/m3","0.00"
"136","","CO_HD","0.00","mg/m3","0.00"
"137","","NO2_HD","0.50","ug/m3","0.94"
"138","","O3_HD","0.2000","ug/m3","392.64"
"139","","SO2_HD","0.00","ug/m3","0.00"
"155","","CO_HD","0.00","mg/m3","0.00"
"156","","NO2_HD","0.60","ug/m3","1.13"
"157","","O3_HD","0.2000","ug/m3","392.64"
"158","","SO2_HD","0.00","ug/m3","0.00"
"174","","CO_HD","0.00","mg/m3","0.00"
"175","","NO2_HD","0.60","ug/m3","1.13"
"176","","O3_HD","0.2000","ug/m3","392.64"
"177","","SO2_HD","0.00","ug/m3","0.00"
"193","","CO_HD","0.00","mg/m3","0.00"
"194","","NO2_HD","0.50","ug/m3","0.94"
"195","","O3_HD","0.1000","ug/m3","196.32"
"196","","SO2_HD","0.00","ug/m3","0.00"
"214","","CO_HD","0.00","mg/m3","0.00"
"215","","NO2_HD","0.50","ug/m3","0.94"
"217","","O3_HD","0.2000","ug/m3","392.64"
"218","","SO2_HD","0.00","ug/m3","0.00"
"234","","CO_HD","0.00","mg/m3","0.00"
"235","","NO2_HD","0.50","ug/m3","0.94"
"236","","O3_HD","0.2000","ug/m3","392.64"
"237","","SO2_HD","0.00","ug/m3","0.00"
"253","","CO_HD","0.00","mg/m3","0.00"
"254","","NO2_HD","0.50","ug/m3","0.94"
"255","","O3_HD","0.1000","ug/m3","196.32"
"256","","SO2_HD","0.00","ug/m3","0.00"
"272","","CO_HD","0.00","mg/m3","0.00"
"273","","NO2_HD","0.60","ug/m3","1.13"
"274","","O3_HD","0.2000","ug/m3","392.64"
"275","","SO2_HD","0.00","ug/m3","0.00"
"291","","CO_HD","0.00","mg/m3","0.00"
"292","","NO2_HD","0.50","ug/m3","0.94"
"293","","O3_HD","0.2000","ug/m3","392.64"
"294","","SO2_HD","0.00","ug/m3","0.00"
"313","","CO_HD","0.00","mg/m3","0.00"
"314","","NO2_HD","0.50","ug/m3","0.94"
"315","","O3_HD","0.2000","ug/m3","392.64"
"316","","SO2_HD","0.00","ug/m3","0.00"
"332","","CO_HD","0.00","mg/m3","0.00"
"333","","NO2_HD","0.50","ug/m3","0.94"
"334","","O3_HD","0.1000","ug/m3","196.32"
"335","","SO2_HD","0.00","ug/m3","0.00"
"351","","CO_HD","0.00","mg/m3","0.00"
"352","","NO2_HD","0.50","ug/m3","0.94"
"353","","O3_HD","0.2000","ug/m3","392.64"
"354","","SO2_HD","0.00","ug/m3","0.00"
"371","","CO_HD","0.00","mg/m3","0.00"
"372","","NO2_HD","0.60","ug/m3","1.13"
"373","","O3_HD","0.2000","ug/m3","392.64"
"374","","SO2_HD","0.00","ug/m3","0.00"
"390","","CO_HD","0.00","mg/m3","0.00"
"391","","NO2_HD","0.50","ug/m3","0.94"
"392","","O3_HD","0.2000","ug/m3","392.64"
"393","","SO2_HD","0.00","ug/m3","0.00"
"423","","CO_HD","0.00","mg/m3","0.00"
"424","","NO2_HD","0.50","ug/m3","0.94"
"425","","O3_HD","0.2000","ug/m3","392.64"
"426","","SO2_HD","0.00","ug/m3","0.00"
"442","","CO_HD","0.00","mg/m3","0.00"
"443","","NO2_HD","0.50","ug/m3","0.94"
"444","","O3_HD","0.1000","ug/m3","196.32"
"445","","SO2_HD","0.00","ug/m3","0.00"
"461","","CO_HD","0.00","mg/m3","0.00"
"462","","NO2_HD","0.50","ug/m3","0.94"
"463","","O3_HD","0.1000","ug/m3","196.32"
"464","","SO2_HD","0.00","ug/m3","0.00"
"480","","CO_HD","0.00","mg/m3","0.00"
"481","","NO2_HD","0.50","ug/m3","0.94"
"482","","O3_HD","0.2000","ug/m3","392.64"
"483","","SO2_HD","0.00","ug/m3","0.00"
"499","","CO_HD","0.00","mg/m3","0.00"
"500","","NO2_HD","0.50","ug/m3","0.94"
"501","","O3_HD","0.2000","ug/m3","392.64"
"502","","SO2_HD","0.00","ug/m3","0.00"
"566","","CO_HD","0.00","mg/m3","0.00"
"567","","NO2_HD","0.50","ug/m3","0.94"
"568","","O3_HD","0.2000","ug/m3","392.64"
"569","","SO2_HD","0.10","ug/m3","0.26"
"586","","CO_HD","0.00","mg/m3","0.00"
"587","","NO2_HD","0.60","ug/m3","1.13"
"588","","O3_HD","0.2000","ug/m3","392.64"
"589","","SO2_HD","0.00","ug/m3","0.00"
"605","","CO_HD","0.00","mg/m3","0.00"
"606","","NO2_HD","0.50","ug/m3","0.94"
"607","","O3_HD","0.2000","ug/m3","392.64"
"608","","SO2_HD","0.00","ug/m3","0.00"
"624","","CO_HD","0.00","mg/m3","0.00"
"625","","NO2_HD","0.50","ug/m3","0.94"
"626","","O3_HD","0.2000","ug/m3","392.64"
"627","","SO2_HD","0.00","ug/m3","0.00"
"643","","CO_HD","2.00","mg/m3","2.33"
"644","","NO2_HD","0.60","ug/m3","1.13"
"645","","O3_HD","0.2000","ug/m3","392.64"
"646","","SO2_HD","0.10","ug/m3","0.26"
"663","","CO_HD","1.00","mg/m3","1.16"
"664","","NO2_HD","0.60","ug/m3","1.13"
"665","","O3_HD","0.2000","ug/m3","392.64"
"666","","SO2_HD","0.10","ug/m3","0.26"
"681","","CO_HD","0.00","mg/m3","0.00"
"682","","NO2_HD","0.60","ug/m3","1.13"
"683","","O3_HD","0.2000","ug/m3","392.64"
"684","","SO2_HD","0.00","ug/m3","0.00"
"700","","CO_HD","2.00","mg/m3","2.33"
"701","","NO2_HD","0.70","ug/m3","1.32"
"702","","O3_HD","0.2000","ug/m3","392.64"
"703","","SO2_HD","0.10","ug/m3","0.26"
"718","","CO_HD","2.00","mg/m3","2.33"
"719","","NO2_HD","0.60","ug/m3","1.13"
"720","","O3_HD","0.2000","ug/m3","392.64"
"721","","SO2_HD","0.20","ug/m3","0.52"
"737","","CO_HD","2.00","mg/m3","2.33"
"738","","NO2_HD","0.60","ug/m3","1.13"
"739","","O3_HD","0.2000","ug/m3","392.64"
"740","","SO2_HD","0.30","ug/m3","0.79"
"770","","CO_HD","3.00","mg/m3","3.49"
"771","","NO2_HD","0.70","ug/m3","1.32"
"772","","O3_HD","0.2000","ug/m3","392.64"
"773","","SO2_HD","0.30","ug/m3","0.79"
"788","","CO_HD","3.00","mg/m3","3.49"
"789","","NO2_HD","0.70","ug/m3","1.32"
"790","","O3_HD","0.2000","ug/m3","392.64"
"791","","SO2_HD","0.40","ug/m3","1.05"
"806","","CO_HD","3.00","mg/m3","3.49"
"807","","NO2_HD","0.70","ug/m3","1.32"
"808","","O3_HD","0.2000","ug/m3","392.64"
"809","","SO2_HD","0.30","ug/m3","0.79"
"824","","CO_HD","3.00","mg/m3","3.49"
"825","","NO2_HD","0.70","ug/m3","1.32"
"826","","O3_HD","0.2000","ug/m3","392.64"
"827","","SO2_HD","0.20","ug/m3","0.52"
"842","","CO_HD","6.00","mg/m3","6.99"
"843","","NO2_HD","0.80","ug/m3","1.50"
"844","","O3_HD","0.3000","ug/m3","588.96"
"845","","SO2_HD","0.70","ug/m3","1.83"
"856","","CO_HD","2.00","mg/m3","2.33"
"857","","NO2_HD","0.70","ug/m3","1.32"
"858","","O3_HD","0.3000","ug/m3","588.96"
"859","","SO2_HD","0.30","ug/m3","0.79"
"874","","CO_HD","6.00","mg/m3","6.99"
"875","","NO2_HD","0.70","ug/m3","1.32"
"876","","O3_HD","0.3000","ug/m3","588.96"
"877","","SO2_HD","0.70","ug/m3","1.83"
"892","","CO_HD","11.00","mg/m3","12.81"
"893","","NO2_HD","0.70","ug/m3","1.32"
"894","","O3_HD","0.3000","ug/m3","588.96"
"895","","SO2_HD","0.90","ug/m3","2.36"
"958","","CO_HD","4.00","mg/m3","4.66"
"959","","NO2_HD","0.70","ug/m3","1.32"
"960","","O3_HD","0.3000","ug/m3","588.96"
"961","","SO2_HD","0.40","ug/m3","1.05"
"976","","CO_HD","3.00","mg/m3","3.49"
"977","","NO2_HD","0.60","ug/m3","1.13"
"978","","O3_HD","0.1000","ug/m3","196.32"
"979","","SO2_HD","0.20","ug/m3","0.52"
"994","","CO_HD","3.00","mg/m3","3.49"
"995","","NO2_HD","0.60","ug/m3","1.13"
"996","","O3_HD","0.2000","ug/m3","392.64"
"997","","SO2_HD","0.20","ug/m3","0.52"
"1012","","CO_HD","3.00","mg/m3","3.49"
"1013","","NO2_HD","0.60","ug/m3","1.13"
"1014","","O3_HD","0.2000","ug/m3","392.64"
"1015","","SO2_HD","0.20","ug/m3","0.52"
"1030","","CO_HD","2.00","mg/m3","2.33"
"1031","","NO2_HD","0.70","ug/m3","1.32"
"1032","","O3_HD","0.2000","ug/m3","392.64"
"1033","","SO2_HD","0.20","ug/m3","0.52"
"1063","","CO_HD","3.00","mg/m3","3.49"
"1064","","NO2_HD","0.60","ug/m3","1.13"
"1065","","O3_HD","0.2000","ug/m3","392.64"
"1066","","SO2_HD","0.20","ug/m3","0.52"
"1081","","CO_HD","3.00","mg/m3","3.49"
"1082","","NO2_HD","0.60","ug/m3","1.13"
"1083","","O3_HD","0.2000","ug/m3","392.64"
"1084","","SO2_HD","0.10","ug/m3","0.26"
"1099","","CO_HD","2.00","mg/m3","2.33"
"1100","","NO2_HD","0.60","ug/m3","1.13"
"1101","","O3_HD","0.2000","ug/m3","392.64"
"1102","","SO2_HD","0.10","ug/m3","0.26"
"1117","","CO_HD","1.00","mg/m3","1.16"
"1118","","NO2_HD","0.60","ug/m3","1.13"
"1119","","O3_HD","0.2000","ug/m3","392.64"
"1120","","SO2_HD","0.10","ug/m3","0.26"
"1135","","CO_HD","2.00","mg/m3","2.33"
"1136","","NO2_HD","0.60","ug/m3","1.13"
"1137","","O3_HD","0.2000","ug/m3","392.64"
"1138","","SO2_HD","0.10","ug/m3","0.26"
"1156","","CO_HD","1.00","mg/m3","1.16"
"1157","","NO2_HD","0.60","ug/m3","1.13"
"1158","","O3_HD","0.2000","ug/m3","392.64"
"1159","","SO2_HD","0.10","ug/m3","0.26"
"1174","","CO_HD","0.00","mg/m3","0.00"
"1175","","NO2_HD","0.60","ug/m3","1.13"
"1176","","O3_HD","0.2000","ug/m3","392.64"
"1177","","SO2_HD","0.00","ug/m3","0.00"
"1194","","CO_HD","0.00","mg/m3","0.00"
"1195","","NO2_HD","0.60","ug/m3","1.13"
"1196","","O3_HD","0.2000","ug/m3","392.64"
"1197","","SO2_HD","0.00","ug/m3","0.00"
"1213","","CO_HD","0.00","mg/m3","0.00"
"1214","","NO2_HD","0.70","ug/m3","1.32"
"1215","","O3_HD","0.2000","ug/m3","392.64"
"1216","","SO2_HD","0.00","ug/m3","0.00"
"1232","","CO_HD","0.00","mg/m3","0.00"
"1233","","NO2_HD","0.70","ug/m3","1.32"
"1234","","O3_HD","0.2000","ug/m3","392.64"
"1235","","SO2_HD","0.00","ug/m3","0.00"
"1253","","CO_HD","0.00","mg/m3","0.00"
"1254","","NO2_HD","0.60","ug/m3","1.13"
"1255","","O3_HD","0.2000","ug/m3","392.64"
"1256","","SO2_HD","0.00","ug/m3","0.00"
"1272","","CO_HD","0.00","mg/m3","0.00"
"1273","","NO2_HD","0.60","ug/m3","1.13"
"1274","","O3_HD","0.2000","ug/m3","392.64"
"1275","","SO2_HD","0.00","ug/m3","0.00"
"1291","","CO_HD","0.00","mg/m3","0.00"
"1292","","NO2_HD","0.60","ug/m3","1.13"
"1293","","O3_HD","0.2000","ug/m3","392.64"
"1294","","SO2_HD","0.00","ug/m3","0.00"
"1310","","CO_HD","0.00","mg/m3","0.00"
"1311","","NO2_HD","0.60","ug/m3","1.13"
"1312","","O3_HD","0.2000","ug/m3","392.64"
"1313","","SO2_HD","0.00","ug/m3","0.00"
"1329","","CO_HD","0.00","mg/m3","0.00"
"1330","","NO2_HD","0.60","ug/m3","1.13"
"1331","","O3_HD","0.2000","ug/m3","392.64"
"1332","","SO2_HD","0.00","ug/m3","0.00"
"1403","","CO_HD","0.00","mg/m3","0.00"
"1404","","NO2_HD","0.60","ug/m3","1.13"
"1405","","O3_HD","0.2000","ug/m3","392.64"
"1406","","SO2_HD","0.00","ug/m3","0.00"
"1422","","CO_HD","0.00","mg/m3","0.00"
"1423","","NO2_HD","0.60","ug/m3","1.13"
"1424","","O3_HD","0.2000","ug/m3","392.64"
"1425","","SO2_HD","0.00","ug/m3","0.00"
"1441","","CO_HD","0.00","mg/m3","0.00"
"1442","","NO2_HD","0.60","ug/m3","1.13"
"1443","","O3_HD","0.2000","ug/m3","392.64"
"1444","","SO2_HD","0.00","ug/m3","0.00"
"1460","","CO_HD","0.00","mg/m3","0.00"
"1461","","NO2_HD","0.70","ug/m3","1.32"
"1462","","O3_HD","0.2000","ug/m3","392.64"
"1463","","SO2_HD","0.00","ug/m3","0.00"
"1481","","CO_HD","0.00","mg/m3","0.00"
"1482","","NO2_HD","0.60","ug/m3","1.13"
"1483","","O3_HD","0.2000","ug/m3","392.64"
"1484","","SO2_HD","0.00","ug/m3","0.00"
"1500","","CO_HD","3.00","mg/m3","3.49"
"1501","","NO2_HD","0.70","ug/m3","1.32"
"1502","","O3_HD","0.3000","ug/m3","588.96"
"1503","","SO2_HD","0.30","ug/m3","0.79"
"1518","","CO_HD","0.00","mg/m3","0.00"
"1519","","NO2_HD","0.60","ug/m3","1.13"
"1520","","O3_HD","0.2000","ug/m3","392.64"
"1521","","SO2_HD","0.10","ug/m3","0.26"
"1538","","CO_HD","0.00","mg/m3","0.00"
"1539","","NO2_HD","0.60","ug/m3","1.13"
"1540","","O3_HD","0.2000","ug/m3","392.64"
"1541","","SO2_HD","0.00","ug/m3","0.00"
"1557","","CO_HD","0.00","mg/m3","0.00"
"1558","","NO2_HD","0.70","ug/m3","1.32"
"1559","","O3_HD","0.2000","ug/m3","392.64"
"1560","","SO2_HD","0.00","ug/m3","0.00"
"1579","","CO_HD","1.00","mg/m3","1.16"
"1580","","NO2_HD","0.70","ug/m3","1.32"
"1581","","O3_HD","0.2000","ug/m3","392.64"
"1582","","SO2_HD","0.00","ug/m3","0.00"
"1598","","CO_HD","0.00","mg/m3","0.00"
"1599","","NO2_HD","0.70","ug/m3","1.32"
"1600","","O3_HD","0.2000","ug/m3","392.64"
"1601","","SO2_HD","0.00","ug/m3","0.00"
"1617","","CO_HD","3.00","mg/m3","3.49"
"1618","","NO2_HD","0.80","ug/m3","1.50"
"1619","","O3_HD","0.2000","ug/m3","392.64"
"1620","","SO2_HD","0.80","ug/m3","2.10"
"1635","","CO_HD","6.00","mg/m3","6.99"
"1636","","NO2_HD","0.80","ug/m3","1.50"
"1637","","O3_HD","0.4000","ug/m3","785.28"
"1638","","SO2_HD","0.70","ug/m3","1.83"
"1653","","CO_HD","9.00","mg/m3","10.48"
"1654","","NO2_HD","0.60","ug/m3","1.13"
"1655","","O3_HD","0.2000","ug/m3","392.64"
"1656","","SO2_HD","0.40","ug/m3","1.05"
"1686","","CO_HD","5.00","mg/m3","5.82"
"1687","","NO2_HD","0.60","ug/m3","1.13"
"1688","","O3_HD","0.2000","ug/m3","392.64"
"1689","","SO2_HD","0.20","ug/m3","0.52"
"1704","","CO_HD","5.00","mg/m3","5.82"
"1705","","NO2_HD","0.70","ug/m3","1.32"
"1706","","O3_HD","0.2000","ug/m3","392.64"
"1707","","SO2_HD","0.60","ug/m3","1.57"
"1722","","CO_HD","17.00","mg/m3","19.81"
"1723","","NO2_HD","0.70","ug/m3","1.32"
"1724","","O3_HD","0.3000","ug/m3","588.96"
"1725","","SO2_HD","0.60","ug/m3","1.57"
"1740","","CO_HD","7.00","mg/m3","8.15"
"1741","","NO2_HD","0.60","ug/m3","1.13"
"1742","","O3_HD","0.2000","ug/m3","392.64"
"1743","","SO2_HD","0.20","ug/m3","0.52"
"1758","","CO_HD","4.00","mg/m3","4.66"
"1759","","NO2_HD","0.70","ug/m3","1.32"
"1760","","O3_HD","0.2000","ug/m3","392.64"
"1761","","SO2_HD","0.40","ug/m3","1.05"
"1824","","CO_HD","3.00","mg/m3","3.49"
"1825","","NO2_HD","0.70","ug/m3","1.32"
"1826","","O3_HD","0.2000","ug/m3","392.64"
"1827","","SO2_HD","0.20","ug/m3","0.52"
"1842","","CO_HD","2.00","mg/m3","2.33"
"1843","","NO2_HD","0.60","ug/m3","1.13"
"1844","","O3_HD","0.2000","ug/m3","392.64"
"1845","","SO2_HD","0.10","ug/m3","0.26"
"1860","","CO_HD","0.00","mg/m3","0.00"
"1861","","NO2_HD","0.70","ug/m3","1.32"
"1862","","O3_HD","0.2000","ug/m3","392.64"
"1863","","SO2_HD","0.10","ug/m3","0.26"
"1879","","CO_HD","1.00","mg/m3","1.16"
"1880","","NO2_HD","0.50","ug/m3","0.94"
"1881","","O3_HD","0.2000","ug/m3","392.64"
"1882","","SO2_HD","0.10","ug/m3","0.26"
"1898","","CO_HD","0.00","mg/m3","0.00"
"1899","","NO2_HD","0.60","ug/m3","1.13"
"1900","","O3_HD","0.2000","ug/m3","392.64"
"1901","","SO2_HD","0.00","ug/m3","0.00"
"1919","","CO_HD","0.00","mg/m3","0.00"
"1920","","NO2_HD","0.60","ug/m3","1.13"
"1921","","O3_HD","0.2000","ug/m3","392.64"
"1922","","SO2_HD","0.00","ug/m3","0.00"
"1938","","CO_HD","0.00","mg/m3","0.00"
"1939","","NO2_HD","0.60","ug/m3","1.13"
"1940","","O3_HD","0.2000","ug/m3","392.64"
"1941","","SO2_HD","0.00","ug/m3","0.00"
"1957","","CO_HD","0.00","mg/m3","0.00"
"1958","","NO2_HD","0.60","ug/m3","1.13"
"1959","","O3_HD","0.1000","ug/m3","196.32"
"1960","","SO2_HD","0.00","ug/m3","0.00"
"1976","","CO_HD","1.00","mg/m3","1.16"
"1977","","NO2_HD","0.60","ug/m3","1.13"
"1978","","O3_HD","0.2000","ug/m3","392.64"
"1979","","SO2_HD","0.10","ug/m3","0.26"
"1994","","CO_HD","0.00","mg/m3","0.00"
"1995","","NO2_HD","0.60","ug/m3","1.13"
"1996","","O3_HD","0.2000","ug/m3","392.64"
"1997","","SO2_HD","0.00","ug/m3","0.00"
"2028","","CO_HD","0.00","mg/m3","0.00"
"2029","","NO2_HD","0.70","ug/m3","1.32"
"2030","","O3_HD","0.2000","ug/m3","392.64"
"2031","","SO2_HD","0.00","ug/m3","0.00"
"2048","","CO_HD","0.00","mg/m3","0.00"
"2049","","NO2_HD","0.50","ug/m3","0.94"
"2050","","O3_HD","0.1000","ug/m3","196.32"
"2051","","SO2_HD","0.10","ug/m3","0.26"
"2067","","CO_HD","1.00","mg/m3","1.16"
"2068","","NO2_HD","0.60","ug/m3","1.13"
"2069","","O3_HD","0.1000","ug/m3","196.32"
"2070","","SO2_HD","0.10","ug/m3","0.26"
"2085","","CO_HD","0.00","mg/m3","0.00"
"2086","","NO2_HD","0.60","ug/m3","1.13"
"2087","","O3_HD","0.2000","ug/m3","392.64"
"2088","","SO2_HD","0.00","ug/m3","0.00"
"2104","","CO_HD","0.00","mg/m3","0.00"
"2105","","NO2_HD","0.60","ug/m3","1.13"
"2106","","O3_HD","0.1000","ug/m3","196.32"
"2107","","SO2_HD","0.00","ug/m3","0.00"
"2125","","CO_HD","0.00","mg/m3","0.00"
"2126","","NO2_HD","0.50","ug/m3","0.94"
"2127","","O3_HD","0.2000","ug/m3","392.64"
"2128","","SO2_HD","0.00","ug/m3","0.00"
"2144","","CO_HD","0.00","mg/m3","0.00"
"2145","","NO2_HD","0.60","ug/m3","1.13"
"2146","","O3_HD","0.1000","ug/m3","196.32"
"2147","","SO2_HD","0.00","ug/m3","0.00"
"2163","","CO_HD","0.00","mg/m3","0.00"
"2164","","NO2_HD","0.60","ug/m3","1.13"
"2165","","O3_HD","0.2000","ug/m3","392.64"
"2166","","SO2_HD","0.00","ug/m3","0.00"
"2182","","CO_HD","0.00","mg/m3","0.00"
"2183","","NO2_HD","0.60","ug/m3","1.13"
"2184","","O3_HD","0.2000","ug/m3","392.64"
"2185","","SO2_HD","0.00","ug/m3","0.00"
"2202","","CO_HD","0.00","mg/m3","0.00"
"2203","","NO2_HD","0.50","ug/m3","0.94"
"2204","","O3_HD","0.1000","ug/m3","196.32"
"2205","","SO2_HD","0.10","ug/m3","0.26"
"2261","","CO_HD","0.00","mg/m3","0.00"
"2262","","NO2_HD","0.60","ug/m3","1.13"
"2263","","O3_HD","0.2000","ug/m3","392.64"
"2264","","SO2_HD","0.10","ug/m3","0.26"
"2280","","CO_HD","1.00","mg/m3","1.16"
"2281","","NO2_HD","0.70","ug/m3","1.32"
"2282","","O3_HD","0.2000","ug/m3","392.64"
"2283","","SO2_HD","0.20","ug/m3","0.52"
"2298","","CO_HD","1.00","mg/m3","1.16"
"2299","","NO2_HD","0.60","ug/m3","1.13"
"2300","","O3_HD","0.2000","ug/m3","392.64"
"2301","","SO2_HD","0.10","ug/m3","0.26"
"2316","","CO_HD","5.00","mg/m3","5.82"
"2317","","NO2_HD","0.50","ug/m3","0.94"
"2318","","O3_HD","0.1000","ug/m3","196.32"
"2319","","SO2_HD","1.20","ug/m3","3.14"
"2334","","CO_HD","3.00","mg/m3","3.49"
"2335","","NO2_HD","0.50","ug/m3","0.94"
"2336","","O3_HD","0.1000","ug/m3","196.32"
"2337","","SO2_HD","0.40","ug/m3","1.05"
"2366","","CO_HD","6.00","mg/m3","6.99"
"2367","","NO2_HD","0.50","ug/m3","0.94"
"2368","","O3_HD","0.2000","ug/m3","392.64"
"2369","","SO2_HD","0.70","ug/m3","1.83"
"2384","","CO_HD","4.00","mg/m3","4.66"
"2385","","NO2_HD","0.70","ug/m3","1.32"
"2386","","O3_HD","0.7000","ug/m3","1374.23"
"2387","","SO2_HD","0.70","ug/m3","1.83"
"2403","","CO_HD","5.00","mg/m3","5.82"
"2404","","NO2_HD","0.60","ug/m3","1.13"
"2405","","O3_HD","0.1000","ug/m3","196.32"
"2406","","SO2_HD","0.70","ug/m3","1.83"
"2421","","CO_HD","4.00","mg/m3","4.66"
"2422","","NO2_HD","0.50","ug/m3","0.94"
"2423","","O3_HD","0.1000","ug/m3","196.32"
"2424","","SO2_HD","0.40","ug/m3","1.05"
"2439","","CO_HD","3.00","mg/m3","3.49"
"2440","","NO2_HD","0.60","ug/m3","1.13"
"2441","","O3_HD","0.1000","ug/m3","196.32"
"2442","","SO2_HD","0.30","ug/m3","0.79"
"2460","","CO_HD","19.00","mg/m3","22.14"
"2461","","NO2_HD","0.50","ug/m3","0.94"
"2462","","O3_HD","0.1000","ug/m3","196.32"
"2463","","SO2_HD","0.40","ug/m3","1.05"
"2478","","CO_HD","67.00","mg/m3","78.06"
"2479","","NO2_HD","1.20","ug/m3","2.26"
"2480","","O3_HD","0.2000","ug/m3","392.64"
"2481","","SO2_HD","2.30","ug/m3","6.03"
"2496","","CO_HD","22.00","mg/m3","25.63"
"2497","","NO2_HD","0.50","ug/m3","0.94"
"2498","","O3_HD","0.1000","ug/m3","196.32"
"2499","","SO2_HD","0.80","ug/m3","2.10"
"2514","","CO_HD","126.00","mg/m3","146.79"
"2515","","NO2_HD","0.50","ug/m3","0.94"
"2516","","O3_HD","0.1000","ug/m3","196.32"
"2517","","SO2_HD","1.20","ug/m3","3.14"
"2532","","CO_HD","58.00","mg/m3","67.57"
"2533","","NO2_HD","0.50","ug/m3","0.94"
"2534","","O3_HD","0.1000","ug/m3","196.32"
"2535","","SO2_HD","0.50","ug/m3","1.31"
"2553","","CO_HD","128.00","mg/m3","149.12"
"2554","","NO2_HD","0.50","ug/m3","0.94"
"2555","","O3_HD","0.2000","ug/m3","392.64"
"2556","","SO2_HD","0.80","ug/m3","2.10"
"2571","","CO_HD","234.00","mg/m3","272.61"
"2572","","NO2_HD","0.50","ug/m3","0.94"
"2573","","O3_HD","0.1000","ug/m3","196.32"
"2574","","SO2_HD","0.40","ug/m3","1.05"
"2589","","CO_HD","235.00","mg/m3","273.77"
"2590","","NO2_HD","0.60","ug/m3","1.13"
"2591","","O3_HD","0.2000","ug/m3","392.64"
"2592","","SO2_HD","0.60","ug/m3","1.57"
"2607","","CO_HD","166.00","mg/m3","193.39"
"2608","","NO2_HD","0.60","ug/m3","1.13"
"2609","","O3_HD","0.2000","ug/m3","392.64"
"2610","","SO2_HD","1.80","ug/m3","4.72"
"2625","","CO_HD","56.00","mg/m3","65.24"
"2626","","NO2_HD","0.50","ug/m3","0.94"
"2627","","O3_HD","0.1000","ug/m3","196.32"
"2628","","SO2_HD","0.80","ug/m3","2.10"
"2703","","CO_HD","4.00","mg/m3","4.66"
"2704","","NO2_HD","0.50","ug/m3","0.94"
"2705","","O3_HD","0.2000","ug/m3","392.64"
"2706","","SO2_HD","0.20","ug/m3","0.52"
"2721","","CO_HD","3.00","mg/m3","3.49"
"2722","","NO2_HD","0.60","ug/m3","1.13"
"2723","","O3_HD","0.2000","ug/m3","392.64"
"2724","","SO2_HD","0.40","ug/m3","1.05"
"2739","","CO_HD","3.00","mg/m3","3.49"
"2740","","NO2_HD","0.50","ug/m3","0.94"
"2741","","O3_HD","0.2000","ug/m3","392.64"
"2756","","CO_HD","1.00","mg/m3","1.16"
"2757","","NO2_HD","0.60","ug/m3","1.13"
"2758","","O3_HD","0.2000","ug/m3","392.64"
"2759","","SO2_HD","0.10","ug/m3","0.26"
"2774","","CO_HD","0.00","mg/m3","0.00"
"2775","","NO2_HD","0.50","ug/m3","0.94"
"2776","","O3_HD","0.2000","ug/m3","392.64"
"2777","","SO2_HD","0.10","ug/m3","0.26"
"2793","","CO_HD","2.00","mg/m3","2.33"
"2794","","NO2_HD","0.60","ug/m3","1.13"
"2795","","O3_HD","0.2000","ug/m3","392.64"
"2796","","SO2_HD","0.20","ug/m3","0.52"
"2814","","CO_HD","0.00","mg/m3","0.00"
"2815","","NO2_HD","0.60","ug/m3","1.13"
"2816","","O3_HD","0.2000","ug/m3","392.64"
"2817","","SO2_HD","0.20","ug/m3","0.52"
"2837","","CO_HD","1.00","mg/m3","1.16"
"2838","","NO2_HD","0.60","ug/m3","1.13"
"2839","","O3_HD","0.2000","ug/m3","392.64"
"2840","","SO2_HD","0.10","ug/m3","0.26"
"2855","","CO_HD","0.00","mg/m3","0.00"
"2856","","NO2_HD","0.50","ug/m3","0.94"
"2857","","O3_HD","0.2000","ug/m3","392.64"
"2858","","SO2_HD","0.10","ug/m3","0.26"
"2888","","CO_HD","0.00","mg/m3","0.00"
"2889","","NO2_HD","0.50","ug/m3","0.94"
"2890","","O3_HD","0.2000","ug/m3","392.64"
"2891","","SO2_HD","0.10","ug/m3","0.26"
"2907","","CO_HD","0.00","mg/m3","0.00"
"2908","","NO2_HD","0.60","ug/m3","1.13"
"2909","","O3_HD","0.2000","ug/m3","392.64"
"2910","","SO2_HD","0.10","ug/m3","0.26"
"2926","","CO_HD","0.00","mg/m3","0.00"
"2927","","NO2_HD","0.60","ug/m3","1.13"
"2928","","O3_HD","0.2000","ug/m3","392.64"
"2929","","SO2_HD","0.10","ug/m3","0.26"
"2946","","CO_HD","0.00","mg/m3","0.00"
"2947","","NO2_HD","0.50","ug/m3","0.94"
"2948","","O3_HD","0.2000","ug/m3","392.64"
"2949","","SO2_HD","0.10","ug/m3","0.26"
"2965","","CO_HD","0.00","mg/m3","0.00"
"2966","","NO2_HD","0.60","ug/m3","1.13"
"2967","","O3_HD","0.2000","ug/m3","392.64"
"2968","","SO2_HD","0.10","ug/m3","0.26"
"3032","","CO_HD","0.00","mg/m3","0.00"
"3033","","NO2_HD","0.60","ug/m3","1.13"
"3034","","O3_HD","0.2000","ug/m3","392.64"
"3035","","SO2_HD","0.00","ug/m3","0.00"
"3051","","CO_HD","0.00","mg/m3","0.00"
"3052","","NO2_HD","0.60","ug/m3","1.13"
"3053","","O3_HD","0.2000","ug/m3","392.64"
"3054","","SO2_HD","0.00","ug/m3","0.00"
"3070","","CO_HD","0.00","mg/m3","0.00"
"3071","","NO2_HD","0.60","ug/m3","1.13"
"3072","","O3_HD","0.2000","ug/m3","392.64"
"3073","","SO2_HD","0.10","ug/m3","0.26"
"3089","","CO_HD","0.00","mg/m3","0.00"
"3090","","NO2_HD","0.60","ug/m3","1.13"
"3091","","O3_HD","0.2000","ug/m3","392.64"
"3092","","SO2_HD","0.10","ug/m3","0.26"
"3108","","CO_HD","0.00","mg/m3","0.00"
"3109","","NO2_HD","0.50","ug/m3","0.94"
"3110","","O3_HD","0.1000","ug/m3","196.32"
"3111","","SO2_HD","0.00","ug/m3","0.00"
"3129","","CO_HD","0.00","mg/m3","0.00"
"3130","","NO2_HD","0.60","ug/m3","1.13"
"3131","","O3_HD","0.1000","ug/m3","196.32"
"3132","","SO2_HD","0.10","ug/m3","0.26"
"3148","","CO_HD","0.00","mg/m3","0.00"
"3149","","NO2_HD","0.60","ug/m3","1.13"
"3151","","O3_HD","0.2000","ug/m3","392.64"
"3152","","SO2_HD","0.00","ug/m3","0.00"
"3168","","CO_HD","0.00","mg/m3","0.00"
"3169","","NO2_HD","0.60","ug/m3","1.13"
"3170","","O3_HD","0.2000","ug/m3","392.64"
"3171","","SO2_HD","0.00","ug/m3","0.00"
"3187","","CO_HD","0.00","mg/m3","0.00"
"3188","","NO2_HD","0.60","ug/m3","1.13"
"3189","","O3_HD","0.2000","ug/m3","392.64"
"3190","","SO2_HD","0.10","ug/m3","0.26"
"3206","","CO_HD","0.00","mg/m3","0.00"
"3207","","NO2_HD","0.50","ug/m3","0.94"
"3208","","O3_HD","0.2000","ug/m3","392.64"
"3209","","SO2_HD","0.10","ug/m3","0.26"
"3240","","CO_HD","0.00","mg/m3","0.00"
"3241","","NO2_HD","0.60","ug/m3","1.13"
"3242","","O3_HD","0.2000","ug/m3","392.64"
"3243","","SO2_HD","0.00","ug/m3","0.00"
"3259","","CO_HD","0.00","mg/m3","0.00"
"3260","","NO2_HD","0.50","ug/m3","0.94"
"3261","","O3_HD","0.1000","ug/m3","196.32"
"3262","","SO2_HD","0.00","ug/m3","0.00"
"3289","","CO_HD","0.00","mg/m3","0.00"
"3290","","NO2_HD","0.60","ug/m3","1.13"
"3291","","O3_HD","0.2000","ug/m3","392.64"
"3292","","SO2_HD","0.00","ug/m3","0.00"
